[{
	"code": "AF",
	"id": 4,
	"name": "Afghanistan"
}, {
	"code": "AL",
	"id": 8,
	"name": "Albania"
}, {
	"code": "DZ",
	"id": 12,
	"name": "Algeria"
}, {
	"code": "AO",
	"id": 24,
	"name": "Angola"
}, {
	"code": "AQ",
	"id": 10,
	"name": "Antarctica"
}, {
	"code": "AR",
	"id": 32,
	"name": "Argentina"
}, {
	"code": "AM",
	"id": 51,
	"name": "Armenia"
}, {
	"code": "AU",
	"id": 36,
	"name": "Australia"
}, {
	"code": "AT",
	"id": 40,
	"name": "Austria"
}, {
	"code": "AZ",
	"id": 31,
	"name": "Azerbaijan"
}, {
	"code": "BS",
	"id": 44,
	"name": "Bahamas"
}, {
	"code": "BD",
	"id": 50,
	"name": "Bangladesh"
}, {
	"code": "BY",
	"id": 112,
	"name": "Belarus"
}, {
	"code": "BE",
	"id": 56,
	"name": "Belgium"
}, {
	"code": "BZ",
	"id": 84,
	"name": "Belize"
}, {
	"code": "BJ",
	"id": 204,
	"name": "Benin"
}, {
	"code": "BT",
	"id": 64,
	"name": "Bhutan"
}, {
	"code": "BO",
	"id": 68,
	"name": "Bolivia, Plurinational State of"
}, {
	"code": "BA",
	"id": 70,
	"name": "Bosnia and Herzegovina"
}, {
	"code": "BW",
	"id": 72,
	"name": "Botswana"
}, {
	"code": "BR",
	"id": 76,
	"name": "Brazil"
}, {
	"code": "BN",
	"id": 96,
	"name": "Brunei Darussalam"
}, {
	"code": "BG",
	"id": 100,
	"name": "Bulgaria"
}, {
	"code": "BF",
	"id": 854,
	"name": "Burkina Faso"
}, {
	"code": "BI",
	"id": 108,
	"name": "Burundi"
}, {
	"code": "KH",
	"id": 116,
	"name": "Cambodia"
}, {
	"code": "CM",
	"id": 120,
	"name": "Cameroon"
}, {
	"code": "CA",
	"id": 124,
	"name": "Canada"
}, {
	"code": "CF",
	"id": 140,
	"name": "Central African Republic"
}, {
	"code": "TD",
	"id": 148,
	"name": "Chad"
}, {
	"code": "CL",
	"id": 152,
	"name": "Chile"
}, {
	"code": "CN",
	"id": 156,
	"name": "China"
}, {
	"code": "CO",
	"id": 170,
	"name": "Colombia"
}, {
	"code": "CG",
	"id": 178,
	"name": "Congo"
}, {
	"code": "CD",
	"id": 180,
	"name": "Congo, the Democratic Republic of the"
}, {
	"code": "CR",
	"id": 188,
	"name": "Costa Rica"
}, {
	"id": 384,
	"name": "Cote d'Ivoire"
}, {
	"code": "HR",
	"id": 191,
	"name": "Croatia"
}, {
	"code": "CU",
	"id": 192,
	"name": "Cuba"
}, {
	"code": "CY",
	"id": 196,
	"name": "Cyprus"
}, {
	"code": "CZ",
	"id": 203,
	"name": "Czech Republic"
}, {
	"code": "DK",
	"id": 208,
	"name": "Denmark"
}, {
	"code": "DJ",
	"id": 262,
	"name": "Djibouti"
}, {
	"code": "DO",
	"id": 214,
	"name": "Dominican Republic"
}, {
	"code": "EC",
	"id": 218,
	"name": "Ecuador"
}, {
	"code": "EG",
	"id": 818,
	"name": "Egypt"
}, {
	"code": "SV",
	"id": 222,
	"name": "El Salvador"
}, {
	"code": "GQ",
	"id": 226,
	"name": "Equatorial Guinea"
}, {
	"code": "ER",
	"id": 232,
	"name": "Eritrea"
}, {
	"code": "EE",
	"id": 233,
	"name": "Estonia"
}, {
	"code": "ET",
	"id": 231,
	"name": "Ethiopia"
}, {
	"code": "FK",
	"id": 238,
	"name": "Falkland Islands (Malvinas)"
}, {
	"code": "FJ",
	"id": 242,
	"name": "Fiji"
}, {
	"code": "FI",
	"id": 246,
	"name": "Finland"
}, {
	"code": "FR",
	"id": 250,
	"name": "France"
}, {
	"code": "TF",
	"id": 260,
	"name": "French Southern Territories"
}, {
	"code": "GA",
	"id": 266,
	"name": "Gabon"
}, {
	"code": "GM",
	"id": 270,
	"name": "Gambia"
}, {
	"code": "GE",
	"id": 268,
	"name": "Georgia"
}, {
	"code": "DE",
	"id": 276,
	"name": "Germany"
}, {
	"code": "GH",
	"id": 288,
	"name": "Ghana"
}, {
	"code": "GR",
	"id": 300,
	"name": "Greece"
}, {
	"code": "GL",
	"id": 304,
	"name": "Greenland"
}, {
	"code": "GT",
	"id": 320,
	"name": "Guatemala"
}, {
	"code": "GN",
	"id": 324,
	"name": "Guinea"
}, {
	"code": "GW",
	"id": 624,
	"name": "Guinea-Bissau"
}, {
	"code": "GY",
	"id": 328,
	"name": "Guyana"
}, {
	"code": "HT",
	"id": 332,
	"name": "Haiti"
}, {
	"code": "HN",
	"id": 340,
	"name": "Honduras"
}, {
	"code": "HU",
	"id": 348,
	"name": "Hungary"
}, {
	"code": "IS",
	"id": 352,
	"name": "Iceland"
}, {
	"code": "IN",
	"id": 356,
	"name": "India"
}, {
	"code": "ID",
	"id": 360,
	"name": "Indonesia"
}, {
	"code": "IR",
	"id": 364,
	"name": "Iran, Islamic Republic of"
}, {
	"code": "IQ",
	"id": 368,
	"name": "Iraq"
}, {
	"code": "IE",
	"id": 372,
	"name": "Ireland"
}, {
	"code": "IL",
	"id": 376,
	"name": "Israel"
}, {
	"code": "IT",
	"id": 380,
	"name": "Italy"
}, {
	"code": "JM",
	"id": 388,
	"name": "Jamaica"
}, {
	"code": "JP",
	"id": 392,
	"name": "Japan"
}, {
	"code": "JO",
	"id": 400,
	"name": "Jordan"
}, {
	"code": "KZ",
	"id": 398,
	"name": "Kazakhstan"
}, {
	"code": "KE",
	"id": 404,
	"name": "Kenya"
}, {
	"code": "KP",
	"id": 408,
	"name": "Korea, Democratic People's Republic of"
}, {
	"code": "KR",
	"id": 410,
	"name": "Korea, Republic of"
}, {
	"code": "KW",
	"id": 414,
	"name": "Kuwait"
}, {
	"code": "KG",
	"id": 417,
	"name": "Kyrgyzstan"
}, {
	"code": "LA",
	"id": 418,
	"name": "Lao People's Democratic Republic"
}, {
	"code": "LV",
	"id": 428,
	"name": "Latvia"
}, {
	"code": "LB",
	"id": 422,
	"name": "Lebanon"
}, {
	"code": "LS",
	"id": 426,
	"name": "Lesotho"
}, {
	"code": "LR",
	"id": 430,
	"name": "Liberia"
}, {
	"code": "LY",
	"id": 434,
	"name": "Libya"
}, {
	"code": "LT",
	"id": 440,
	"name": "Lithuania"
}, {
	"code": "LU",
	"id": 442,
	"name": "Luxembourg"
}, {
	"id": 807,
	"name": "Macedonia, the former Yugoslav Republic of"
}, {
	"code": "MG",
	"id": 450,
	"name": "Madagascar"
}, {
	"code": "MW",
	"id": 454,
	"name": "Malawi"
}, {
	"code": "MY",
	"id": 458,
	"name": "Malaysia"
}, {
	"code": "ML",
	"id": 466,
	"name": "Mali"
}, {
	"code": "MR",
	"id": 478,
	"name": "Mauritania"
}, {
	"code": "MX",
	"id": 484,
	"name": "Mexico"
}, {
	"code": "MD",
	"id": 498,
	"name": "Moldova, Republic of"
}, {
	"code": "MN",
	"id": 496,
	"name": "Mongolia"
}, {
	"code": "ME",
	"id": 499,
	"name": "Montenegro"
}, {
	"code": "MA",
	"id": 504,
	"name": "Morocco"
}, {
	"code": "MZ",
	"id": 508,
	"name": "Mozambique"
}, {
	"code": "MM",
	"id": 104,
	"name": "Myanmar"
}, {
	"code": "NA",
	"id": 516,
	"name": "Namibia"
}, {
	"code": "NP",
	"id": 524,
	"name": "Nepal"
}, {
	"code": "NL",
	"id": 528,
	"name": "Netherlands"
}, {
	"code": "NC",
	"id": 540,
	"name": "New Caledonia"
}, {
	"code": "NZ",
	"id": 554,
	"name": "New Zealand"
}, {
	"code": "NI",
	"id": 558,
	"name": "Nicaragua"
}, {
	"code": "NE",
	"id": 562,
	"name": "Niger"
}, {
	"code": "NG",
	"id": 566,
	"name": "Nigeria"
}, {
	"code": "NO",
	"id": 578,
	"name": "Norway"
}, {
	"code": "OM",
	"id": 512,
	"name": "Oman"
}, {
	"code": "PK",
	"id": 586,
	"name": "Pakistan"
}, {
	"code": "PA",
	"id": 591,
	"name": "Panama"
}, {
	"code": "PG",
	"id": 598,
	"name": "Papua New Guinea"
}, {
	"code": "PY",
	"id": 600,
	"name": "Paraguay"
}, {
	"code": "PE",
	"id": 604,
	"name": "Peru"
}, {
	"code": "PH",
	"id": 608,
	"name": "Philippines"
}, {
	"code": "PL",
	"id": 616,
	"name": "Poland"
}, {
	"code": "PT",
	"id": 620,
	"name": "Portugal"
}, {
	"code": "PR",
	"id": 630,
	"name": "Puerto Rico"
}, {
	"code": "QA",
	"id": 634,
	"name": "Qatar"
}, {
	"code": "RO",
	"id": 642,
	"name": "Romania"
}, {
	"code": "RU",
	"id": 643,
	"name": "Russian Federation"
}, {
	"code": "RW",
	"id": 646,
	"name": "Rwanda"
}, {
	"code": "SA",
	"id": 682,
	"name": "Saudi Arabia"
}, {
	"code": "SN",
	"id": 686,
	"name": "Senegal"
}, {
	"code": "RS",
	"id": 688,
	"name": "Serbia"
}, {
	"code": "SL",
	"id": 694,
	"name": "Sierra Leone"
}, {
	"code": "SK",
	"id": 703,
	"name": "Slovakia"
}, {
	"code": "SI",
	"id": 705,
	"name": "Slovenia"
}, {
	"code": "SB",
	"id": 90,
	"name": "Solomon Islands"
}, {
	"code": "SO",
	"id": 706,
	"name": "Somalia"
}, {
	"code": "ZA",
	"id": 710,
	"name": "South Africa"
}, {
	"code": "SS",
	"id": 728,
	"name": "South Sudan"
}, {
	"code": "ES",
	"id": 724,
	"name": "Spain"
}, {
	"code": "LK",
	"id": 144,
	"name": "Sri Lanka"
}, {
	"code": "SD",
	"id": 729,
	"name": "Sudan"
}, {
	"code": "SR",
	"id": 740,
	"name": "Suriname"
}, {
	"code": "SZ",
	"id": 748,
	"name": "Swaziland"
}, {
	"code": "SE",
	"id": 752,
	"name": "Sweden"
}, {
	"code": "CH",
	"id": 756,
	"name": "Switzerland"
}, {
	"code": "SY",
	"id": 760,
	"name": "Syrian Arab Republic"
}, {
	"code": "TW",
	"id": 158,
	"name": "Taiwan, Province of China"
}, {
	"code": "TJ",
	"id": 762,
	"name": "Tajikistan"
}, {
	"code": "TZ",
	"id": 834,
	"name": "Tanzania, United Republic of"
}, {
	"code": "TH",
	"id": 764,
	"name": "Thailand"
}, {
	"code": "TL",
	"id": 626,
	"name": "Timor-Leste"
}, {
	"code": "TG",
	"id": 768,
	"name": "Togo"
}, {
	"code": "TT",
	"id": 780,
	"name": "Trinidad and Tobago"
}, {
	"code": "TN",
	"id": 788,
	"name": "Tunisia"
}, {
	"code": "TR",
	"id": 792,
	"name": "Turkey"
}, {
	"code": "TM",
	"id": 795,
	"name": "Turkmenistan"
}, {
	"code": "UG",
	"id": 800,
	"name": "Uganda"
}, {
	"code": "UA",
	"id": 804,
	"name": "Ukraine"
}, {
	"code": "AE",
	"id": 784,
	"name": "United Arab Emirates"
}, {
	"code": "GB",
	"id": 826,
	"name": "United Kingdom"
}, {
	"code": "US",
	"id": 840,
	"name": "United States"
}, {
	"code": "UY",
	"id": 858,
	"name": "Uruguay"
}, {
	"code": "UZ",
	"id": 860,
	"name": "Uzbekistan"
}, {
	"code": "VU",
	"id": 548,
	"name": "Vanuatu"
}, {
	"code": "VE",
	"id": 862,
	"name": "Venezuela, Bolivarian Republic of"
}, {
	"code": "VN",
	"id": 704,
	"name": "Viet Nam"
}, {
	"code": "EH",
	"id": 732,
	"name": "Western Sahara"
}, {
	"code": "YE",
	"id": 887,
	"name": "Yemen"
}, {
	"code": "ZM",
	"id": 894,
	"name": "Zambia"
}, {
	"code": "ZW",
	"id": 716,
	"name": "Zimbabwe"
}]
